"GEO_ID","NAME","P006001","P006002","P006003","P006004","P006005","P006006","P006007"
"id","Geographic Area Name","Total races tallied","Total races tallied!!White alone or in combination with one or more other races","Total races tallied!!Black or African American alone or in combination with one or more other races","Total races tallied!!American Indian and Alaska Native alone or in combination with one or more other races","Total races tallied!!Asian alone or in combination with one or more other races","Total races tallied!!Native Hawaiian and Other Pacific Islander alone or in combination with one or more other races","Total races tallied!!Some Other Race alone or in combination with one or more other races"
"0500000US28011","Bolivar County, Mississippi","34371","11591","22030","108","245","32","365"
"0500000US28001","Adams County, Mississippi","32789","14122","17538","235","178","21","695"
"0500000US28003","Alcorn County, Mississippi","37452","32014","4388","216","152","14","668"
"0500000US28005","Amite County, Mississippi","13210","7622","5471","52","33","6","26"
"0500000US28007","Attala County, Mississippi","19704","11100","8276","90","74","9","155"
"0500000US28009","Benton County, Mississippi","8823","5354","3286","71","10","7","95"
"0500000US28027","Coahoma County, Mississippi","26302","6065","19851","54","160","15","157"
"0500000US28013","Calhoun County, Mississippi","15133","10242","4243","72","27","5","544"
"0500000US28015","Carroll County, Mississippi","10704","7028","3516","52","37","8","63"
"0500000US28017","Chickasaw County, Mississippi","17565","9516","7405","67","73","12","492"
"0500000US28019","Choctaw County, Mississippi","8652","5926","2614","59","30","6","17"
"0500000US28021","Claiborne County, Mississippi","9666","1403","8143","33","47","6","34"
"0500000US28023","Clarke County, Mississippi","16833","10821","5819","89","37","13","54"
"0500000US28025","Clay County, Mississippi","20774","8425","12099","80","74","11","85"
"0500000US28055","Issaquena County, Mississippi","1409","488","907","5","6","0","3"
"0500000US28029","Copiah County, Mississippi","29697","13798","15132","133","126","20","488"
"0500000US28031","Covington County, Mississippi","19737","12455","6907","66","66","15","228"
"0500000US28033","DeSoto County, Mississippi","163934","118673","36375","1074","2584","187","5041"
"0500000US28069","Kemper County, Mississippi","10538","3732","6344","432","14","5","11"
"0500000US28065","Jefferson Davis County, Mississippi","12579","4896","7532","59","33","8","51"
"0500000US28035","Forrest County, Mississippi","76066","45559","27665","517","675","86","1564"
"0500000US28037","Franklin County, Mississippi","8176","5295","2818","42","9","4","8"
"0500000US28039","George County, Mississippi","22797","20460","1891","175","68","11","192"
"0500000US28041","Greene County, Mississippi","14537","10555","3816","91","30","4","41"
"0500000US28043","Grenada County, Mississippi","22077","12591","9234","104","85","11","52"
"0500000US28045","Hancock County, Mississippi","44932","39702","3505","598","606","63","458"
"0500000US28047","Harrison County, Mississippi","192489","134628","43621","2212","6752","525","4751"
"0500000US28049","Hinds County, Mississippi","247669","71276","170929","1051","2252","177","1984"
"0500000US28051","Holmes County, Mississippi","19323","3070","16108","55","43","10","37"
"0500000US28053","Humphreys County, Mississippi","9447","2251","7042","27","40","0","87"
"0500000US28063","Jefferson County, Mississippi","7756","1075","6641","25","6","5","4"
"0500000US28067","Jones County, Mississippi","68446","46032","19446","529","404","50","1985"
"0500000US28071","Lafayette County, Mississippi","47888","34398","11407","261","1175","49","598"
"0500000US28073","Lamar County, Mississippi","56303","43568","11169","315","758","37","456"
"0500000US28095","Monroe County, Mississippi","37289","25279","11587","171","98","20","134"
"0500000US28057","Itawamba County, Mississippi","23548","21753","1448","111","60","5","171"
"0500000US28059","Jackson County, Mississippi","142476","102991","31195","1349","3749","183","3009"
"0500000US28061","Jasper County, Mississippi","17175","7963","9040","45","31","23","73"
"0500000US28099","Neshoba County, Mississippi","30128","18266","6442","5067","152","16","185"
"0500000US28103","Noxubee County, Mississippi","11608","3173","8301","40","32","8","54"
"0500000US28075","Lauderdale County, Mississippi","80974","44466","34739","349","710","78","632"
"0500000US28077","Lawrence County, Mississippi","13029","8702","4012","57","53","3","202"
"0500000US28079","Leake County, Mississippi","24018","11942","9755","1530","73","10","708"
"0500000US28081","Lee County, Mississippi","84011","58380","23239","382","686","49","1275"
"0500000US28083","Leflore County, Mississippi","32544","8157","23495","136","216","26","514"
"0500000US28085","Lincoln County, Mississippi","35151","24072","10596","167","161","17","138"
"0500000US28087","Lowndes County, Mississippi","60497","32786","26327","324","577","56","427"
"0500000US28089","Madison County, Mississippi","96061","54860","36718","375","2307","73","1728"
"0500000US28091","Marion County, Mississippi","27338","18030","8879","123","134","18","154"
"0500000US28093","Marshall County, Mississippi","37468","18857","17603","187","115","15","691"
"0500000US28097","Montgomery County, Mississippi","10980","5826","5001","36","47","2","68"
"0500000US28101","Newton County, Mississippi","21916","13895","6660","1181","72","3","105"
"0500000US28105","Oktibbeha County, Mississippi","48288","28686","17724","249","1337","42","250"
"0500000US28143","Tunica County, Mississippi","10892","2614","7980","42","80","27","149"
"0500000US28107","Panola County, Mississippi","35030","17403","17048","211","109","15","244"
"0500000US28109","Pearl River County, Mississippi","56884","47835","7231","766","383","72","597"
"0500000US28111","Perry County, Mississippi","12373","9686","2520","78","28","3","58"
"0500000US28149","Warren County, Mississippi","49235","24877","23161","266","498","29","404"
"0500000US28153","Wayne County, Mississippi","20926","12429","8165","88","66","23","155"
"0500000US28145","Union County, Mississippi","27473","22276","4112","129","87","21","848"
"0500000US28141","Tishomingo County, Mississippi","19768","18667","580","104","38","11","368"
"0500000US28113","Pike County, Mississippi","40742","18981","20987","241","279","27","227"
"0500000US28115","Pontotoc County, Mississippi","30396","24354","4318","238","92","26","1368"
"0500000US28117","Prentiss County, Mississippi","25542","21557","3648","111","58","6","162"
"0500000US28119","Quitman County, Mississippi","8289","2417","5770","53","16","1","32"
"0500000US28121","Rankin County, Mississippi","143197","110834","27315","713","1887","148","2300"
"0500000US28123","Scott County, Mississippi","28680","15328","10812","202","79","70","2189"
"0500000US28125","Sharkey County, Mississippi","4939","1382","3512","7","14","3","21"
"0500000US28127","Simpson County, Mississippi","27740","17437","9785","136","112","45","225"
"0500000US28129","Smith County, Mississippi","16582","12583","3823","49","25","2","100"
"0500000US28131","Stone County, Mississippi","17982","14158","3463","170","101","10","80"
"0500000US28133","Sunflower County, Mississippi","29593","7561","21581","114","105","23","209"
"0500000US28135","Tallahatchie County, Mississippi","15576","6125","8766","105","135","17","428"
"0500000US28137","Tate County, Mississippi","29254","19625","8929","171","112","23","394"
"0500000US28139","Tippah County, Mississippi","22558","18077","3737","123","47","8","566"
"0500000US28147","Walthall County, Mississippi","15633","8375","6963","122","66","25","82"
"0500000US28151","Washington County, Mississippi","51462","13992","36668","159","344","24","275"
"0500000US28155","Webster County, Mississippi","10334","8130","2087","48","23","3","43"
"0500000US28157","Wilkinson County, Mississippi","9914","2860","7011","29","6","1","7"
"0500000US28159","Winston County, Mississippi","19368","10109","8858","262","52","6","81"
"0500000US28161","Yalobusha County, Mississippi","12797","7761","4886","61","31","3","55"
"0500000US28163","Yazoo County, Mississippi","28532","11559","16156","184","168","25","440"
