"GEO_ID","id",
"NAME","Geographic Area Name",
"P006001","Total races tallied",
"P006002","Total races tallied!!White alone or in combination with one or more other races",
"P006003","Total races tallied!!Black or African American alone or in combination with one or more other races",
"P006004","Total races tallied!!American Indian and Alaska Native alone or in combination with one or more other races",
"P006005","Total races tallied!!Asian alone or in combination with one or more other races",
"P006006","Total races tallied!!Native Hawaiian and Other Pacific Islander alone or in combination with one or more other races",
"P006007","Total races tallied!!Some Other Race alone or in combination with one or more other races",
